{"best_loss": 1.2617441628171109, "epoch": 4, "saved_at": "2026-07-23T22:54:34.714364"}