{"best_loss": 1.8268021523267373, "epoch": 2, "saved_at": "2026-07-20T23:42:33.054148"}