{"best_loss": 1.5811083618251758, "epoch": 5, "saved_at": "2026-07-21T15:46:50.812271"}