{"best_loss": 1.3736199695488502, "epoch": 11, "saved_at": "2026-07-21T21:05:10.596063"}